metric,value
test_rows,3360.0
accuracy,0.9568452380952381
precision,0.9369527145359019
recall,0.9774665042630938
f1,0.9567809239940388
