platform,n,accuracy,precision,recall,f1
News_Hoax,1535,0.9758957654723127,1.0,0.9758957654723127,0.987800857237059
News_Antara,589,0.99830220713073,0.0,0.0,0.0
News_Detik,534,0.8932584269662921,0.0,0.0,0.0
News_Kompas,518,0.9961389961389961,0.0,0.0,0.0
SMS,166,0.7228915662650602,0.6666666666666666,1.0,0.8
WhatsApp,15,0.9333333333333333,0.9285714285714286,1.0,0.9629629629629629
Email,3,0.6666666666666666,0.6666666666666666,1.0,0.8
